Job Title,Company,Job Type,Rating,Apply Link
"Staff, Software Engineer (Web Full Stack/Frontend)",Walmart,,3.4,https://www.indeed.com/viewjob?jk=9a0191a7e7f4381e
"Senior Software Engineer, Infrastructure, Cloud Armor",Google,['Full-time'],4.3,https://www.indeed.com/viewjob?jk=e52060e4deeb2243
"Senior Software Engineer, Enterprise Technology Services.",Apple,['Full-time'],4.1,https://www.indeed.com/viewjob?jk=302b70a29a1ca0b5
"Senior Staff Software Developer, Front End, Google Workspace",Google,['Full-time'],4.3,https://www.indeed.com/viewjob?jk=d43deca0be295bb4
Staff Full Stack Engineer,Adobe,['Full-time'],4.3,https://www.indeed.com/viewjob?jk=8e448e208480d912
Front End Engineer,Fireworks AI,['Full-time'],,https://www.indeed.com/viewjob?jk=bb5264ea2a7a3cac
"Staff Engineer, Growth Engineering",hims & hers,['Full-time'],2.6,https://www.indeed.com/viewjob?jk=5339a922dccdf1cd
Frontend Engineer,MindsDB,,,https://www.indeed.com/viewjob?jk=906fb247727b4d82
Full Stack Software Engineer,Apple,,4.1,https://www.indeed.com/viewjob?jk=4d1de469ef14dcea
IS&T Early Career Software Engineer Opportunities,Apple,['Full-time'],4.1,https://www.indeed.com/viewjob?jk=a00d36b8f5a16351
Senior Software Engineer,Williams Sonoma,['Full-time'],3.4,https://www.indeed.com/viewjob?jk=c5fbfbbf39900458
"Software Development Engineer, Core Services Admin","Amazon Development Center U.S., Inc.",['Full-time'],3.5,https://www.indeed.com/viewjob?jk=e219db8b0f8d69e2
Sr. Web Developer,Prosper,['Full-time'],3.1,https://www.indeed.com/viewjob?jk=40296aae48a9f8ab
Sr. SQL Engineer Secure Release II,"Contact Government Services, LLC",['Full-time'],,https://www.indeed.com/viewjob?jk=b1cfa0f0cbcc4dbf
"Software Test Engineer, HiL Powertrain Controls",Lucid Motors,,2.7,https://www.indeed.com/viewjob?jk=c029d0c213a0fb91
"Senior Software Developer in Test, UI Automation",Apple,['Full-time'],4.1,https://www.indeed.com/viewjob?jk=babb213a92259423
Web Analytics / Adobe Analytics Developer,Scalable Systems,['Contract'],4.3,https://www.indeed.com/viewjob?jk=3e03a7419164c9d8
"Platform Security Software Engineer , Enterprise Technology Services",Apple,,4.1,https://www.indeed.com/viewjob?jk=9376432bae832a59
Full Stack Dot Net Developer,iTechedgecorp,['Contract'],,https://www.indeed.com/viewjob?jk=f5959b5452bfa3f7
Software Development Engineer V (Frontend) - Developer Portal,ID.me,,2.6,https://www.indeed.com/viewjob?jk=bfc440b8eadc0433
"Fullstack Software Engineer, Global Payments",ByteDance,,4,https://www.indeed.com/viewjob?jk=6c840cb527cdeaa5
Lead Angular Developer,Q1 Technologies,"['Full-time', 'Permanent']",,https://www.indeed.com/viewjob?jk=0fe19b21568df51a
Web Accessibility Engineer,SIS,,,https://www.indeed.com/viewjob?jk=7f3fbb6109b94db4
Frontend Developer â€“ Remote India,LeewayHertz,['Full-time'],,https://www.indeed.com/viewjob?jk=4e12592a41677157
Web-Crawler Developer,Q1 Technologies,"['Full-time', 'Permanent']",,https://www.indeed.com/viewjob?jk=a1285145d65c40cc
"Senior, Software Engineer",Walmart,,3.4,https://www.indeed.com/viewjob?jk=c8cb7c510384ee6a
Senior Accessibility Test Engineer,Intone Networks,['Contract'],4.1,https://www.indeed.com/viewjob?jk=934d28ace32ca511
Senior Software Engineer (# 000933),Wells Fargo,['Full-time'],3.7,https://www.indeed.com/viewjob?jk=29540dc9538c55b9
Web Application Developer,Roughing It Day Camp,"['Part-time', 'Permanent']",,https://www.indeed.com/viewjob?jk=df04f34acd236b80
"Principal AI Software Engineer, Front End",Quicken,,3.8,https://www.indeed.com/viewjob?jk=9b194c8a5d9b375a
Senior Applied AI Engineer,Front,['Full-time'],,https://www.indeed.com/viewjob?jk=15a856112307e88d
Software Engineer,PayPal,['Full-time'],3.8,https://www.indeed.com/viewjob?jk=b8814229c2833113
Senior Frontend Engineer,Oleria Security,['Full-time'],,https://www.indeed.com/viewjob?jk=f124e3e5c980e3d4
Web Design / Social Media Specialist,Herbivore Cannabis Dispensary of Napa Valley,['Part-time'],,https://www.indeed.com/viewjob?jk=809c93d70517869b
Staff Front-End Engineer,Astra,,2.5,https://www.indeed.com/viewjob?jk=8feb77637dab3768
Frontend Developer,LeanData,['Full-time'],3.5,https://www.indeed.com/viewjob?jk=285a2c77dc7bd619
Frontend Software Engineer Graduate (Ads Interface and Platform) - 2025 Start (BS/MS),TikTok,,3.4,https://www.indeed.com/viewjob?jk=b92add53e73c23c3
"Software Engineer, Web Frontend",NewsBreak,,1,https://www.indeed.com/viewjob?jk=f21d8dc601ac7de8
Sr. Full Stack Software Developer,Advantech USA,,3.4,https://www.indeed.com/viewjob?jk=007bff7ce9b13075
Sr Principal Software Engineer,Palo Alto Networks,['Full-time'],3.8,https://www.indeed.com/viewjob?jk=1a4cb975f6b0c5a5
Senior NodeJS Developer -- Sunnyvale CA (Local) Onsite F2F interview),Virtual Labs,['Full-time'],,https://www.indeed.com/viewjob?jk=afa07a7a5bbbb465
Software Engineer - Production,Super Micro Computer,,2.8,https://www.indeed.com/viewjob?jk=dafed8460092e048
"(USA) Senior, Software Engineer",Walmart,,3.4,https://www.indeed.com/viewjob?jk=c3abc1ae970d9bd6
Staff Software Engineer - UI,Kognitos,['Full-time'],,https://www.indeed.com/viewjob?jk=f946b9e555939a70
Product Support Engineer,Chrisp Company,['Full-time'],,https://www.indeed.com/viewjob?jk=2b86193300aaa1d7
Staff Software Engineer - Backend (Machine Learning),Uber,['Full-time'],3.4,https://www.indeed.com/viewjob?jk=1a16a8fe637e8b58
"Front End Engineer, eero Software Services",Amazon.com Services LLC,['Full-time'],3.5,https://www.indeed.com/viewjob?jk=a9a1130ac366ed1d
Software Engineer III,Walmart,,3.4,https://www.indeed.com/viewjob?jk=79eeb75a4b8a1a1b
Principal Engineer Software (UI Developer),Palo Alto Networks,['Full-time'],3.8,https://www.indeed.com/viewjob?jk=aeb781ca7a782f00
Senior Frontend Engineer (Svelte/SvelteKit),Bonfy.AI,['Full-time'],,https://www.indeed.com/viewjob?jk=afec9ca45f60820b
